data;id;command
2022-03-16;1380345181;er
2022-03-16;1380345181;eth
2022-03-16;1380345181;фуке
2022-03-16;1380345181;фуке
2022-03-16;1380345181;ка
2022-03-16;1380345181;Stasistika 1 userlist
2022-03-16;1380345181;Stasistika 1 userlist
2022-03-16;1380345181;Stasistika 1 userlist
2022-03-16;1380345181;Stasistika 1 userlist
2022-03-16;1380345181;Dda_rekl
2022-03-16;1380345181;Dda_rekl
2022-03-16;1380345181;Dda_rekl
2022-03-16;1380345181;Dda_rekl <i>Add reklama!!!! </i>
2022-03-16;1380345181;Dda_rekl <i>Add reklama!!!! </i>
2022-03-16;1380345181;Dda_rekl_test <i>Add reklama!!!! </i>
2022-03-16;1380345181;Dda_rekl_test <i>Add test rekl!!!! </i>
2022-03-16;1380345181;Dda__test <i>Add reklama!!!! </i>
2022-03-16;1380345181;Dda_test <i>Add reklama!!!! </i>
2022-03-16;1380345181;Dda_test <i>Add test!!!! </i>
